./captcha/363579.jpg,363579
./captcha/608954.jpg,608954
./captcha/346290.jpg,346290
./captcha/558579.jpg,558579
./captcha/833675.jpg,833675
./captcha/642693.jpg,642693
./captcha/033477.jpg,033477
./captcha/765854.jpg,765854
./captcha/962585.jpg,962585
./captcha/732533.jpg,732533
./captcha/399848.jpg,399848
./captcha/763275.jpg,763275
./captcha/966727.jpg,966727
./captcha/870547.jpg,870547
./captcha/074982.jpg,074982
./captcha/513422.jpg,513422
./captcha/283675.jpg,283675
./captcha/749805.jpg,749805
./captcha/875290.jpg,875290
./captcha/444448.jpg,444448
./captcha/807923.jpg,807923
./captcha/226973.jpg,226973
./captcha/069693.jpg,069693
./captcha/742780.jpg,742780
./captcha/066740.jpg,066740
./captcha/498782.jpg,498782
./captcha/225408.jpg,225408
./captcha/361856.jpg,361856
./captcha/068668.jpg,068668
./captcha/084554.jpg,084554
./captcha/369726.jpg,369726
./captcha/945372.jpg,945372
./captcha/042497.jpg,042497
./captcha/862252.jpg,862252
./captcha/950226.jpg,950226
./captcha/320092.jpg,320092
./captcha/444088.jpg,444088
./captcha/779548.jpg,779548
./captcha/915236.jpg,915236
./captcha/430337.jpg,430337
./captcha/470923.jpg,470923
./captcha/959366.jpg,959366
./captcha/286993.jpg,286993
./captcha/333005.jpg,333005
./captcha/644605.jpg,644605
./captcha/369635.jpg,369635
./captcha/976580.jpg,976580
./captcha/562455.jpg,562455
./captcha/029890.jpg,029890
./captcha/043689.jpg,043689
./captcha/053228.jpg,053228
./captcha/069009.jpg,069009
./captcha/407523.jpg,407523
./captcha/568885.jpg,568885
./captcha/268099.jpg,268099
./captcha/656306.jpg,656306
./captcha/589992.jpg,589992
./captcha/672922.jpg,672922
./captcha/036843.jpg,036843
./captcha/750665.jpg,750665
./captcha/635599.jpg,635599
./captcha/597970.jpg,597970
./captcha/098704.jpg,098704
./captcha/953020.jpg,953020
./captcha/208606.jpg,208606
./captcha/006825.jpg,006825
./captcha/542066.jpg,542066
./captcha/284290.jpg,284290
./captcha/987375.jpg,987375
./captcha/704960.jpg,704960
./captcha/689470.jpg,689470
./captcha/343369.jpg,343369
./captcha/950574.jpg,950574
./captcha/944325.jpg,944325
./captcha/879764.jpg,879764
./captcha/049468.jpg,049468
./captcha/646446.jpg,646446
./captcha/608363.jpg,608363
./captcha/724232.jpg,724232
./captcha/752052.jpg,752052
./captcha/236098.jpg,236098
./captcha/659084.jpg,659084
./captcha/720872.jpg,720872
./captcha/256687.jpg,256687
./captcha/687707.jpg,687707
./captcha/593465.jpg,593465
./captcha/845603.jpg,845603
./captcha/697743.jpg,697743
./captcha/448039.jpg,448039
./captcha/942050.jpg,942050
./captcha/933456.jpg,933456
./captcha/853397.jpg,853397
./captcha/290922.jpg,290922
./captcha/050358.jpg,050358
./captcha/700084.jpg,700084
./captcha/876048.jpg,876048
./captcha/574206.jpg,574206
./captcha/494348.jpg,494348
./captcha/885202.jpg,885202
./captcha/682399.jpg,682399
./captcha/953230.jpg,953230
./captcha/868474.jpg,868474
./captcha/092826.jpg,092826
./captcha/078656.jpg,078656
./captcha/424639.jpg,424639
./captcha/843645.jpg,843645
./captcha/787594.jpg,787594
./captcha/896332.jpg,896332
./captcha/354709.jpg,354709
./captcha/346292.jpg,346292
./captcha/738657.jpg,738657
./captcha/365344.jpg,365344
./captcha/004872.jpg,004872
./captcha/778323.jpg,778323
./captcha/493217.jpg,493217
./captcha/709258.jpg,709258
./captcha/687267.jpg,687267
./captcha/902485.jpg,902485
./captcha/409977.jpg,409977
./captcha/235449.jpg,235449
./captcha/652367.jpg,652367
./captcha/449783.jpg,449783
./captcha/739399.jpg,739399
./captcha/026229.jpg,026229
./captcha/769540.jpg,769540
./captcha/903687.jpg,903687
./captcha/006800.jpg,006800
./captcha/085888.jpg,085888
./captcha/074488.jpg,074488
./captcha/304322.jpg,304322
./captcha/482728.jpg,482728
./captcha/664305.jpg,664305
./captcha/249488.jpg,249488
./captcha/467476.jpg,467476
./captcha/860508.jpg,860508
./captcha/466686.jpg,466686
./captcha/085284.jpg,085284
./captcha/553565.jpg,553565
./captcha/952244.jpg,952244
./captcha/069276.jpg,069276
./captcha/675833.jpg,675833
./captcha/968724.jpg,968724
./captcha/665048.jpg,665048
./captcha/883466.jpg,883466
./captcha/358256.jpg,358256
./captcha/767684.jpg,767684
./captcha/987003.jpg,987003
./captcha/503572.jpg,503572
./captcha/653758.jpg,653758
./captcha/007049.jpg,007049
./captcha/546725.jpg,546725
./captcha/829354.jpg,829354
./captcha/803409.jpg,803409
./captcha/256658.jpg,256658
./captcha/943249.jpg,943249
./captcha/539732.jpg,539732
./captcha/833034.jpg,833034
./captcha/023059.jpg,023059
./captcha/273774.jpg,273774
./captcha/480304.jpg,480304
./captcha/458708.jpg,458708
./captcha/735412.jpg,735412
./captcha/944693.jpg,944693
./captcha/053465.jpg,053465
./captcha/506404.jpg,506404
./captcha/688880.jpg,688880
./captcha/430356.jpg,430356
./captcha/729320.jpg,729320
./captcha/289043.jpg,289043
./captcha/986467.jpg,986467
./captcha/084800.jpg,084800
./captcha/825482.jpg,825482
./captcha/236556.jpg,236556
./captcha/068622.jpg,068622
./captcha/884732.jpg,884732
./captcha/730087.jpg,730087
./captcha/860446.jpg,860446
./captcha/887042.jpg,887042
./captcha/324759.jpg,324759
./captcha/750256.jpg,750256
./captcha/540729.jpg,540729
./captcha/674802.jpg,674802
./captcha/620666.jpg,620666
./captcha/094584.jpg,094584
./captcha/200643.jpg,200643
./captcha/473587.jpg,473587
./captcha/223484.jpg,223484
./captcha/348929.jpg,348929
./captcha/470240.jpg,470240
./captcha/902729.jpg,902729
./captcha/063439.jpg,063439
./captcha/355643.jpg,355643
./captcha/087533.jpg,087533
./captcha/846883.jpg,846883
./captcha/736254.jpg,736254
./captcha/455097.jpg,455097
./captcha/999343.jpg,999343
./captcha/044770.jpg,044770
./captcha/832640.jpg,832640
./captcha/070763.jpg,070763
./captcha/094949.jpg,094949
./captcha/821188.jpg,821188
./captcha/790968.jpg,790968
./captcha/480608.jpg,480608
./captcha/677945.jpg,677945
./captcha/487392.jpg,487392
./captcha/002089.jpg,002089
./captcha/345336.jpg,345336
./captcha/352855.jpg,352855
./captcha/933048.jpg,933048
./captcha/482483.jpg,482483
./captcha/409367.jpg,409367
./captcha/984882.jpg,984882
./captcha/690703.jpg,690703
./captcha/729997.jpg,729997
./captcha/748340.jpg,748340
./captcha/305223.jpg,305223
./captcha/260748.jpg,260748
./captcha/462359.jpg,462359
./captcha/228234.jpg,228234
./captcha/558743.jpg,558743
./captcha/683973.jpg,683973
./captcha/349689.jpg,349689
./captcha/026877.jpg,026877
./captcha/350827.jpg,350827
./captcha/535769.jpg,535769
./captcha/826756.jpg,826756
./captcha/637574.jpg,637574
./captcha/692357.jpg,692357
./captcha/553620.jpg,553620
./captcha/208224.jpg,208224
./captcha/932874.jpg,932874
./captcha/540655.jpg,540655
./captcha/246398.jpg,246398
./captcha/829820.jpg,829820
./captcha/408025.jpg,408025
./captcha/468843.jpg,468843
./captcha/367524.jpg,367524
./captcha/002603.jpg,002603
./captcha/259967.jpg,259967
./captcha/305433.jpg,305433
./captcha/447846.jpg,447846
./captcha/788454.jpg,788454
./captcha/349262.jpg,349262
./captcha/170337.jpg,170337
./captcha/884047.jpg,884047
./captcha/608890.jpg,608890
./captcha/299476.jpg,299476
./captcha/220353.jpg,220353
./captcha/269302.jpg,269302
./captcha/903027.jpg,903027
./captcha/089596.jpg,089596
./captcha/780076.jpg,780076
./captcha/330743.jpg,330743
./captcha/089343.jpg,089343
./captcha/059894.jpg,059894
./captcha/646346.jpg,646346
./captcha/806769.jpg,806769
./captcha/868252.jpg,868252
./captcha/097760.jpg,097760
./captcha/296634.jpg,296634
./captcha/634334.jpg,634334
./captcha/587209.jpg,587209
./captcha/600905.jpg,600905
./captcha/787364.jpg,787364
./captcha/787408.jpg,787408
./captcha/742002.jpg,742002
./captcha/232753.jpg,232753
./captcha/495055.jpg,495055
./captcha/058459.jpg,058459
./captcha/975584.jpg,975584
./captcha/994232.jpg,994232
./captcha/379663.jpg,379663
./captcha/562809.jpg,562809
./captcha/455677.jpg,455677
./captcha/740290.jpg,740290
./captcha/600605.jpg,600605
./captcha/790850.jpg,790850
./captcha/625772.jpg,625772
./captcha/674705.jpg,674705
./captcha/344925.jpg,344925
./captcha/857624.jpg,857624
./captcha/549892.jpg,549892
./captcha/552248.jpg,552248
./captcha/837647.jpg,837647
./captcha/568488.jpg,568488
./captcha/532576.jpg,532576
./captcha/832935.jpg,832935
./captcha/878272.jpg,878272
./captcha/826809.jpg,826809
./captcha/744873.jpg,744873
./captcha/364097.jpg,364097
./captcha/473474.jpg,473474
./captcha/233743.jpg,233743
./captcha/804073.jpg,804073
./captcha/852256.jpg,852256
./captcha/847006.jpg,847006
./captcha/708327.jpg,708327
./captcha/602889.jpg,602889
./captcha/027880.jpg,027880
./captcha/422498.jpg,422498
./captcha/763207.jpg,763207
./captcha/976923.jpg,976923
./captcha/062268.jpg,062268
./captcha/053306.jpg,053306
./captcha/633988.jpg,633988
./captcha/032883.jpg,032883
./captcha/208789.jpg,208789
./captcha/979654.jpg,979654
./captcha/779762.jpg,779762
./captcha/355021.jpg,355021
./captcha/832326.jpg,832326
./captcha/546659.jpg,546659
./captcha/506034.jpg,506034
./captcha/220705.jpg,220705
./captcha/633344.jpg,633344
./captcha/306529.jpg,306529
./captcha/865477.jpg,865477
./captcha/644583.jpg,644583
./captcha/235667.jpg,235667
./captcha/376295.jpg,376295
./captcha/976499.jpg,976499
./captcha/902734.jpg,902734
./captcha/602647.jpg,602647
./captcha/329983.jpg,329983
./captcha/528488.jpg,528488
./captcha/605244.jpg,605244
./captcha/703403.jpg,703403
./captcha/663560.jpg,663560
./captcha/085935.jpg,085935
./captcha/263248.jpg,263248
./captcha/283305.jpg,283305
./captcha/472767.jpg,472767
./captcha/295392.jpg,295392
./captcha/924035.jpg,924035
./captcha/373026.jpg,373026
./captcha/826563.jpg,826563
./captcha/563089.jpg,563089
./captcha/483270.jpg,483270
./captcha/326602.jpg,326602
./captcha/354750.jpg,354750
./captcha/058839.jpg,058839
./captcha/809695.jpg,809695
./captcha/778547.jpg,778547
./captcha/684269.jpg,684269
./captcha/732882.jpg,732882
./captcha/354725.jpg,354725
./captcha/995779.jpg,995779
./captcha/900323.jpg,900323
./captcha/904889.jpg,904889
./captcha/535275.jpg,535275
./captcha/243328.jpg,243328
./captcha/540665.jpg,540665
./captcha/898772.jpg,898772
./captcha/944827.jpg,944827
./captcha/837339.jpg,837339
./captcha/228555.jpg,228555
./captcha/558086.jpg,558086
./captcha/505525.jpg,505525
./captcha/057511.jpg,057511
./captcha/855996.jpg,855996
./captcha/787039.jpg,787039
./captcha/968736.jpg,968736
./captcha/605767.jpg,605767
./captcha/226877.jpg,226877
./captcha/894886.jpg,894886
./captcha/367257.jpg,367257
./captcha/239353.jpg,239353
./captcha/590748.jpg,590748
./captcha/306792.jpg,306792
./captcha/755937.jpg,755937
./captcha/828329.jpg,828329
./captcha/582425.jpg,582425
./captcha/530886.jpg,530886
./captcha/676893.jpg,676893
./captcha/076354.jpg,076354
./captcha/969464.jpg,969464
./captcha/289792.jpg,289792
./captcha/436440.jpg,436440
./captcha/405470.jpg,405470
./captcha/750629.jpg,750629
./captcha/686520.jpg,686520
./captcha/339075.jpg,339075
./captcha/348202.jpg,348202
./captcha/477902.jpg,477902
./captcha/501453.jpg,501453
./captcha/349880.jpg,349880
./captcha/334487.jpg,334487
./captcha/934028.jpg,934028
./captcha/832627.jpg,832627
./captcha/220659.jpg,220659
./captcha/685424.jpg,685424
./captcha/907345.jpg,907345
./captcha/930792.jpg,930792
./captcha/766632.jpg,766632
./captcha/506772.jpg,506772
./captcha/644568.jpg,644568
./captcha/655635.jpg,655635
./captcha/596856.jpg,596856
./captcha/707233.jpg,707233
./captcha/523599.jpg,523599
./captcha/667863.jpg,667863
./captcha/426534.jpg,426534
./captcha/363422.jpg,363422
./captcha/596525.jpg,596525
./captcha/999272.jpg,999272
./captcha/276279.jpg,276279
./captcha/626465.jpg,626465
./captcha/590589.jpg,590589
./captcha/897232.jpg,897232
./captcha/646073.jpg,646073
./captcha/378383.jpg,378383
./captcha/748469.jpg,748469
./captcha/575886.jpg,575886
./captcha/926282.jpg,926282
./captcha/236329.jpg,236329
./captcha/860843.jpg,860843
./captcha/888905.jpg,888905
./captcha/670397.jpg,670397
./captcha/597932.jpg,597932
./captcha/568273.jpg,568273
./captcha/724246.jpg,724246
./captcha/890887.jpg,890887
./captcha/345654.jpg,345654
./captcha/583375.jpg,583375
./captcha/554824.jpg,554824
./captcha/395205.jpg,395205
./captcha/875772.jpg,875772
./captcha/805555.jpg,805555
./captcha/379669.jpg,379669
./captcha/733556.jpg,733556
./captcha/570803.jpg,570803
./captcha/608976.jpg,608976
./captcha/365439.jpg,365439
./captcha/986339.jpg,986339
./captcha/048239.jpg,048239
./captcha/588552.jpg,588552
./captcha/984342.jpg,984342
./captcha/595529.jpg,595529
./captcha/736896.jpg,736896
./captcha/553747.jpg,553747
./captcha/368348.jpg,368348
./captcha/740743.jpg,740743
./captcha/272342.jpg,272342
./captcha/055790.jpg,055790
./captcha/988490.jpg,988490
./captcha/855823.jpg,855823
./captcha/449808.jpg,449808
./captcha/475658.jpg,475658
./captcha/683957.jpg,683957
./captcha/992996.jpg,992996
./captcha/828060.jpg,828060
./captcha/985306.jpg,985306
./captcha/765645.jpg,765645
./captcha/204280.jpg,204280
./captcha/056905.jpg,056905
./captcha/657420.jpg,657420
./captcha/230590.jpg,230590
./captcha/590747.jpg,590747
./captcha/749666.jpg,749666
./captcha/685012.jpg,685012
./captcha/036257.jpg,036257
./captcha/542478.jpg,542478
./captcha/405244.jpg,405244
./captcha/333208.jpg,333208
./captcha/060837.jpg,060837
./captcha/544092.jpg,544092
./captcha/620806.jpg,620806
./captcha/086473.jpg,086473
./captcha/131482.jpg,131482
./captcha/886656.jpg,886656
./captcha/894559.jpg,894559
./captcha/679090.jpg,679090
./captcha/678747.jpg,678747
./captcha/264377.jpg,264377
./captcha/826989.jpg,826989
./captcha/897673.jpg,897673
./captcha/633337.jpg,633337
./captcha/735246.jpg,735246
./captcha/875843.jpg,875843
./captcha/059946.jpg,059946
./captcha/553600.jpg,553600
./captcha/968207.jpg,968207
./captcha/934968.jpg,934968
./captcha/032969.jpg,032969
./captcha/057978.jpg,057978
./captcha/667929.jpg,667929
./captcha/077607.jpg,077607
./captcha/537888.jpg,537888
./captcha/675939.jpg,675939
./captcha/262984.jpg,262984
./captcha/559945.jpg,559945
./captcha/739792.jpg,739792
./captcha/242265.jpg,242265
./captcha/355340.jpg,355340
./captcha/824569.jpg,824569
./captcha/300574.jpg,300574
./captcha/247952.jpg,247952
./captcha/670336.jpg,670336
./captcha/572736.jpg,572736
./captcha/842042.jpg,842042
./captcha/684484.jpg,684484
./captcha/707626.jpg,707626
./captcha/476862.jpg,476862
./captcha/904784.jpg,904784
./captcha/879530.jpg,879530
./captcha/894548.jpg,894548
./captcha/253242.jpg,253242
./captcha/964228.jpg,964228
./captcha/547886.jpg,547886
./captcha/580090.jpg,580090
./captcha/826200.jpg,826200
./captcha/778965.jpg,778965
./captcha/940529.jpg,940529
./captcha/962930.jpg,962930
./captcha/544745.jpg,544745
./captcha/807697.jpg,807697
./captcha/968085.jpg,968085
./captcha/273569.jpg,273569
./captcha/427505.jpg,427505
./captcha/449005.jpg,449005
./captcha/460849.jpg,460849
./captcha/849291.jpg,849291
./captcha/996397.jpg,996397
./captcha/450234.jpg,450234
./captcha/764282.jpg,764282
./captcha/909375.jpg,909375
./captcha/893499.jpg,893499
./captcha/672394.jpg,672394
./captcha/362978.jpg,362978
./captcha/802959.jpg,802959
./captcha/394365.jpg,394365
./captcha/204260.jpg,204260
./captcha/693237.jpg,693237
./captcha/248725.jpg,248725
./captcha/677351.jpg,677351
./captcha/724968.jpg,724968
./captcha/584934.jpg,584934
./captcha/523457.jpg,523457
./captcha/808039.jpg,808039
./captcha/321584.jpg,321584
./captcha/283234.jpg,283234
./captcha/783930.jpg,783930
./captcha/059994.jpg,059994
./captcha/986592.jpg,986592
./captcha/874788.jpg,874788
./captcha/433982.jpg,433982
./captcha/634783.jpg,634783
./captcha/990264.jpg,990264
./captcha/569988.jpg,569988
./captcha/587785.jpg,587785
./captcha/066829.jpg,066829
./captcha/277835.jpg,277835
./captcha/494854.jpg,494854
./captcha/746966.jpg,746966
./captcha/045887.jpg,045887
./captcha/660257.jpg,660257
./captcha/147229.jpg,147229
./captcha/346039.jpg,346039
./captcha/759260.jpg,759260
./captcha/660988.jpg,660988
./captcha/992865.jpg,992865
./captcha/378782.jpg,378782
./captcha/886652.jpg,886652
./captcha/930488.jpg,930488
./captcha/377657.jpg,377657
./captcha/624073.jpg,624073
./captcha/794406.jpg,794406
./captcha/205270.jpg,205270
./captcha/458959.jpg,458959
./captcha/868747.jpg,868747
./captcha/365934.jpg,365934
./captcha/800505.jpg,800505
./captcha/042702.jpg,042702
./captcha/626867.jpg,626867
./captcha/476993.jpg,476993
./captcha/978558.jpg,978558
./captcha/333670.jpg,333670
./captcha/950727.jpg,950727
./captcha/047864.jpg,047864
./captcha/649864.jpg,649864
./captcha/052805.jpg,052805
./captcha/468623.jpg,468623
./captcha/497586.jpg,497586
./captcha/995833.jpg,995833
./captcha/894957.jpg,894957
./captcha/485727.jpg,485727
./captcha/749864.jpg,749864
./captcha/292806.jpg,292806
./captcha/444567.jpg,444567
./captcha/770485.jpg,770485
./captcha/336056.jpg,336056
./captcha/493522.jpg,493522
./captcha/620613.jpg,620613
./captcha/780247.jpg,780247
./captcha/544965.jpg,544965
./captcha/645152.jpg,645152
./captcha/425688.jpg,425688
./captcha/802734.jpg,802734
./captcha/577293.jpg,577293
./captcha/796374.jpg,796374
./captcha/898445.jpg,898445
./captcha/778507.jpg,778507
./captcha/548459.jpg,548459
./captcha/429502.jpg,429502
./captcha/234545.jpg,234545
./captcha/941395.jpg,941395
./captcha/804693.jpg,804693
./captcha/623950.jpg,623950
./captcha/902477.jpg,902477
./captcha/846923.jpg,846923
./captcha/802079.jpg,802079
./captcha/408727.jpg,408727
./captcha/003624.jpg,003624
./captcha/593751.jpg,593751
./captcha/320302.jpg,320302
./captcha/131800.jpg,131800
./captcha/069402.jpg,069402
./captcha/704739.jpg,704739
./captcha/764039.jpg,764039
./captcha/872672.jpg,872672
./captcha/820490.jpg,820490
./captcha/309434.jpg,309434
./captcha/704459.jpg,704459
./captcha/484076.jpg,484076
./captcha/393777.jpg,393777
./captcha/887932.jpg,887932
./captcha/279892.jpg,279892
./captcha/320872.jpg,320872
./captcha/023437.jpg,023437
./captcha/265969.jpg,265969
./captcha/495057.jpg,495057
./captcha/767827.jpg,767827
./captcha/828872.jpg,828872
./captcha/928786.jpg,928786
./captcha/827063.jpg,827063
./captcha/449535.jpg,449535
./captcha/332278.jpg,332278
./captcha/206665.jpg,206665
./captcha/448455.jpg,448455
./captcha/983954.jpg,983954
./captcha/205212.jpg,205212
./captcha/752306.jpg,752306
./captcha/007462.jpg,007462
./captcha/640793.jpg,640793
./captcha/993052.jpg,993052
./captcha/596425.jpg,596425
./captcha/593244.jpg,593244
./captcha/273269.jpg,273269
./captcha/087985.jpg,087985
./captcha/867784.jpg,867784
./captcha/829449.jpg,829449
./captcha/748909.jpg,748909
./captcha/020552.jpg,020552
./captcha/377750.jpg,377750
./captcha/700726.jpg,700726
./captcha/588642.jpg,588642
./captcha/734602.jpg,734602
./captcha/892267.jpg,892267
./captcha/423923.jpg,423923
./captcha/340734.jpg,340734
./captcha/956448.jpg,956448
./captcha/592393.jpg,592393
./captcha/936985.jpg,936985
./captcha/833303.jpg,833303
./captcha/257800.jpg,257800
./captcha/796953.jpg,796953
./captcha/372000.jpg,372000
./captcha/090762.jpg,090762
./captcha/920504.jpg,920504
./captcha/820739.jpg,820739
./captcha/792887.jpg,792887
./captcha/872652.jpg,872652
./captcha/959326.jpg,959326
./captcha/460540.jpg,460540
./captcha/373379.jpg,373379
./captcha/882879.jpg,882879
./captcha/348357.jpg,348357
./captcha/632652.jpg,632652
./captcha/482447.jpg,482447
./captcha/697789.jpg,697789
./captcha/929503.jpg,929503
./captcha/569620.jpg,569620
./captcha/284680.jpg,284680
./captcha/750947.jpg,750947
./captcha/703708.jpg,703708
./captcha/587844.jpg,587844
./captcha/068443.jpg,068443
./captcha/855223.jpg,855223
./captcha/599413.jpg,599413
./captcha/033030.jpg,033030
./captcha/476950.jpg,476950
./captcha/292367.jpg,292367
./captcha/504769.jpg,504769
./captcha/935502.jpg,935502
./captcha/546774.jpg,546774
./captcha/095932.jpg,095932
./captcha/230734.jpg,230734
./captcha/737509.jpg,737509
./captcha/648707.jpg,648707
./captcha/499647.jpg,499647
./captcha/283394.jpg,283394
./captcha/595005.jpg,595005
./captcha/898739.jpg,898739
./captcha/822670.jpg,822670
./captcha/253523.jpg,253523
./captcha/302800.jpg,302800
./captcha/872656.jpg,872656
./captcha/242555.jpg,242555
./captcha/652079.jpg,652079
./captcha/376349.jpg,376349
./captcha/957336.jpg,957336
./captcha/370463.jpg,370463
./captcha/249574.jpg,249574
./captcha/505088.jpg,505088
./captcha/839695.jpg,839695
./captcha/420063.jpg,420063
./captcha/959480.jpg,959480
./captcha/989289.jpg,989289
./captcha/407588.jpg,407588
./captcha/573505.jpg,573505
./captcha/247280.jpg,247280
./captcha/257082.jpg,257082
./captcha/366377.jpg,366377
./captcha/863345.jpg,863345
./captcha/537784.jpg,537784
./captcha/627531.jpg,627531
./captcha/827573.jpg,827573
./captcha/764417.jpg,764417
./captcha/562093.jpg,562093
./captcha/694902.jpg,694902
./captcha/745768.jpg,745768
./captcha/050562.jpg,050562
./captcha/260726.jpg,260726
./captcha/748233.jpg,748233
./captcha/347960.jpg,347960
./captcha/407652.jpg,407652
./captcha/797955.jpg,797955
./captcha/408578.jpg,408578
./captcha/962403.jpg,962403
./captcha/239605.jpg,239605
./captcha/993503.jpg,993503
./captcha/459497.jpg,459497
./captcha/824072.jpg,824072
./captcha/329452.jpg,329452
./captcha/058562.jpg,058562
./captcha/342442.jpg,342442
./captcha/784200.jpg,784200
./captcha/654607.jpg,654607
./captcha/229393.jpg,229393
./captcha/428577.jpg,428577
./captcha/875787.jpg,875787
./captcha/904228.jpg,904228
./captcha/247893.jpg,247893
./captcha/559030.jpg,559030
./captcha/348374.jpg,348374
./captcha/525597.jpg,525597
./captcha/855362.jpg,855362
./captcha/546536.jpg,546536
./captcha/524347.jpg,524347
./captcha/439378.jpg,439378
./captcha/592772.jpg,592772
./captcha/949852.jpg,949852
./captcha/797034.jpg,797034
./captcha/507725.jpg,507725
./captcha/830879.jpg,830879
./captcha/494940.jpg,494940
./captcha/923649.jpg,923649
./captcha/353297.jpg,353297
./captcha/700777.jpg,700777
./captcha/990790.jpg,990790
./captcha/640603.jpg,640603
./captcha/560554.jpg,560554
./captcha/484680.jpg,484680
./captcha/473505.jpg,473505
./captcha/962829.jpg,962829
./captcha/950964.jpg,950964
./captcha/555786.jpg,555786
./captcha/428189.jpg,428189
./captcha/822295.jpg,822295
./captcha/557986.jpg,557986
./captcha/866060.jpg,866060
./captcha/758094.jpg,758094
./captcha/324429.jpg,324429
./captcha/926368.jpg,926368
./captcha/735639.jpg,735639
./captcha/430855.jpg,430855
./captcha/678925.jpg,678925
./captcha/298284.jpg,298284
./captcha/857634.jpg,857634
./captcha/535678.jpg,535678
./captcha/900529.jpg,900529
./captcha/582776.jpg,582776
./captcha/643446.jpg,643446
./captcha/934935.jpg,934935
./captcha/743490.jpg,743490
./captcha/954550.jpg,954550
./captcha/444326.jpg,444326
./captcha/372039.jpg,372039
./captcha/373373.jpg,373373
./captcha/747580.jpg,747580
./captcha/036873.jpg,036873
./captcha/302984.jpg,302984
./captcha/566026.jpg,566026
./captcha/294079.jpg,294079
./captcha/253558.jpg,253558
./captcha/878287.jpg,878287
./captcha/779664.jpg,779664
./captcha/890939.jpg,890939
./captcha/682490.jpg,682490
./captcha/546663.jpg,546663
./captcha/490977.jpg,490977
./captcha/682724.jpg,682724
./captcha/376372.jpg,376372
./captcha/780765.jpg,780765
./captcha/907219.jpg,907219
./captcha/062902.jpg,062902
./captcha/954852.jpg,954852
./captcha/924822.jpg,924822
./captcha/958767.jpg,958767
./captcha/852890.jpg,852890
./captcha/896960.jpg,896960
./captcha/807286.jpg,807286
./captcha/868436.jpg,868436
./captcha/408730.jpg,408730
./captcha/574724.jpg,574724
./captcha/659258.jpg,659258
./captcha/326409.jpg,326409
./captcha/379649.jpg,379649
./captcha/506008.jpg,506008
./captcha/707495.jpg,707495
./captcha/550633.jpg,550633
./captcha/474285.jpg,474285
./captcha/394873.jpg,394873
./captcha/834782.jpg,834782
./captcha/622362.jpg,622362
./captcha/488805.jpg,488805
./captcha/542603.jpg,542603
./captcha/596247.jpg,596247
./captcha/007064.jpg,007064
./captcha/234083.jpg,234083
./captcha/253992.jpg,253992
./captcha/304623.jpg,304623
./captcha/046735.jpg,046735
./captcha/223590.jpg,223590
./captcha/727467.jpg,727467
./captcha/368706.jpg,368706
./captcha/495963.jpg,495963
./captcha/546930.jpg,546930
